Time_ns,NumberOfResidueContacts
0.0,28
0.002,28
0.004,27
0.006,24
0.008,28
0.01,27
0.012,24
0.014,25
0.016,26
0.018,24
0.02,23
0.022,25
0.024,26
0.026,26
0.028,22
0.03,26
0.032,25
0.034,26
0.036,22
0.038,24
0.04,24
0.042,24
0.044,25
0.046,21
0.048,23
0.05,22
0.052,25
0.054,27
0.056,28
0.058,27
0.06,28
0.062,28
0.064,30
0.066,31
0.068,28
0.07,29
0.072,28
0.074,30
0.076,32
0.078,27
0.08,28
0.082,27
0.084,23
0.086,28
0.088,28
0.09,28
0.092,25
0.094,30
0.096,30
0.098,30
0.1,27
0.102,23
0.104,28
0.106,31
0.108,28
0.11,26
0.112,28
0.114,28
0.116,29
0.118,27
0.12,32
0.122,25
0.124,30
0.126,34
0.128,31
0.13,34
0.132,26
0.134,28
0.136,31
0.138,26
0.14,25
0.142,27
0.144,31
0.146,34
0.148,28
0.15,32
0.152,27
0.154,32
0.156,31
0.158,28
0.16,22
0.162,26
0.164,32
0.166,30
0.168,24
0.17,27
0.172,29
0.174,25
0.176,28
0.178,26
0.18,28
0.182,29
0.184,25
0.186,31
0.188,32
0.19,30
0.192,29
0.194,28
0.196,31
0.198,31
0.2,28
0.202,32
0.204,33
0.206,31
0.208,29
0.21,29
0.212,33
0.214,31
0.216,31
0.218,29
0.22,28
0.222,31
0.224,31
0.226,31
0.228,29
0.23,30
0.232,30
0.234,26
0.236,33
0.238,29
0.24,28
0.242,32
0.244,31
0.246,30
0.248,34
0.25,34
0.252,35
0.254,31
0.256,29
0.258,30
0.26,30
0.262,37
0.264,30
0.266,32
0.268,36
0.27,34
0.272,32
0.274,32
0.276,34
0.278,29
0.28,31
0.282,30
0.284,30
0.286,30
0.288,29
0.29,29
0.292,28
0.294,28
0.296,32
0.298,30
0.3,32
0.302,30
0.304,31
0.306,34
0.308,33
0.31,27
0.312,27
0.314,26
0.316,28
0.318,23
0.32,30
0.322,31
0.324,29
0.326,26
0.328,32
0.33,33
0.332,32
0.334,26
0.336,29
0.338,30
0.34,29
0.342,30
0.344,27
0.346,27
0.348,29
0.35,30
0.352,29
0.354,34
0.356,31
0.358,31
0.36,31
0.362,28
0.364,24
0.366,27
0.368,30
0.37,31
0.372,27
0.374,27
0.376,26
0.378,28
0.38,26
0.382,31
0.384,29
0.386,33
0.388,30
0.39,32
0.392,30
0.394,31
0.396,32
0.398,33
0.4,33
0.402,28
0.404,30
0.406,27
0.408,29
0.41,27
0.412,31
0.414,31
0.416,31
0.418,25
0.42,29
0.422,27
0.424,31
0.426,31
0.428,31
0.43,26
0.432,32
0.434,33
0.436,28
0.438,31
0.44,27
0.442,30
0.444,33
0.446,29
0.448,34
0.45,29
0.452,35
0.454,33
0.456,32
0.458,32
0.46,31
0.462,29
0.464,29
0.466,31
0.468,33
0.47,25
0.472,33
0.474,30
0.476,31
0.478,28
0.48,27
0.482,30
0.484,27
0.486,33
0.488,29
0.49,30
0.492,29
0.494,27
0.496,30
0.498,34
0.5,29
0.502,26
0.504,27
0.506,31
0.508,29
0.51,29
0.512,34
0.514,32
0.516,32
0.518,28
0.52,28
0.522,27
0.524,31
0.526,33
0.528,28
0.53,30
0.532,28
0.534,33
0.536,25
0.538,24
0.54,27
0.542,30
0.544,24
0.546,28
0.548,32
0.55,23
0.552,27
0.554,29
0.556,29
0.558,28
0.56,28
0.562,33
0.564,30
0.566,29
0.568,32
0.57,32
0.572,30
0.574,27
0.576,28
0.578,30
0.58,28
0.582,26
0.584,29
0.586,30
0.588,23
0.59,28
0.592,27
0.594,29
0.596,27
0.598,29
0.6,27
0.602,28
0.604,25
0.606,27
0.608,28
0.61,27
0.612,28
0.614,31
0.616,25
0.618,29
0.62,27
0.622,30
0.624,32
0.626,31
0.628,29
0.63,33
0.632,31
0.634,34
0.636,31
0.638,29
0.64,30
0.642,27
0.644,30
0.646,29
0.648,28
0.65,27
0.652,30
0.654,27
0.656,24
0.658,26
0.66,27
0.662,27
0.664,29
0.666,26
0.668,28
0.67,28
0.672,29
0.674,26
0.676,29
0.678,24
0.68,22
0.682,27
0.684,28
0.686,29
0.688,25
0.69,27
0.692,26
0.694,26
0.696,26
0.698,26
0.7,24
0.702,28
0.704,26
0.706,27
0.708,26
0.71,27
0.712,27
0.714,27
0.716,25
0.718,27
0.72,27
0.722,25
0.724,27
0.726,30
0.728,26
0.73,26
0.732,30
0.734,23
0.736,25
0.738,24
0.74,31
0.742,26
0.744,26
0.746,23
0.748,29
0.75,28
0.752,33
0.754,34
0.756,30
0.758,30
0.76,32
0.762,30
0.764,31
0.766,28
0.768,30
0.77,31
0.772,34
0.774,29
0.776,34
0.778,31
0.78,26
0.782,29
0.784,24
0.786,29
0.788,28
0.79,27
0.792,28
0.794,29
0.796,27
0.798,25
0.8,25
0.802,26
0.804,27
0.806,25
0.808,30
0.81,24
0.812,25
0.814,27
0.816,28
0.818,25
0.82,23
0.822,27
0.824,27
0.826,24
0.828,25
0.83,27
0.832,24
0.834,29
0.836,29
0.838,23
0.84,28
0.842,27
0.844,27
0.846,26
0.848,25
0.85,30
0.852,27
0.854,30
0.856,27
0.858,31
0.86,27
0.862,25
0.864,30
0.866,31
0.868,30
0.87,28
0.872,25
0.874,27
0.876,28
0.878,25
0.88,29
0.882,30
0.884,28
0.886,31
0.888,24
0.89,28
0.892,28
0.894,29
0.896,29
0.898,27
0.9,26
0.902,21
0.904,26
0.906,30
0.908,30
0.91,22
0.912,28
0.914,28
0.916,29
0.918,30
0.92,29
0.922,26
0.924,27
0.926,25
0.928,27
0.93,28
0.932,28
0.934,28
0.936,28
0.938,25
0.94,27
0.942,26
0.944,26
0.946,28
0.948,29
0.95,23
0.952,25
0.954,25
0.956,27
0.958,28
0.96,25
0.962,28
0.964,27
0.966,26
0.968,29
0.97,32
0.972,28
0.974,27
0.976,25
0.978,24
0.98,25
0.982,26
0.984,23
0.986,26
0.988,30
0.99,27
0.992,28
0.994,31
0.996,31
0.998,29
1.0,28
1.002,28
1.004,30
1.006,29
1.008,26
1.01,28
1.012,28
1.014,29
1.016,27
1.018,32
1.02,30
1.022,29
1.024,30
1.026,26
1.028,25
1.03,31
1.032,30
1.034,27
1.036,24
1.038,27
1.04,24
1.042,29
1.044,26
1.046,24
1.048,24
1.05,29
1.052,29
1.054,27
1.056,26
1.058,28
1.06,29
1.062,28
1.064,30
1.066,30
1.068,30
1.07,31
1.072,29
1.074,27
1.076,23
1.078,27
1.08,30
1.082,28
1.084,27
1.086,26
1.088,27
1.09,26
1.092,27
1.094,27
1.096,32
1.098,27
1.1,27
1.102,29
1.104,27
1.106,25
1.108,28
1.11,27
1.112,30
1.114,31
1.116,30
1.118,29
1.12,31
1.122,26
1.124,31
1.126,29
1.128,27
1.13,27
1.132,27
1.134,26
1.136,26
1.138,26
1.14,31
1.142,28
1.144,26
1.146,29
1.148,28
1.15,26
1.152,28
1.154,29
1.156,27
1.158,29
1.16,29
1.162,26
1.164,30
1.166,29
1.168,26
1.17,28
1.172,33
1.174,27
1.176,25
1.178,26
1.18,25
1.182,27
1.184,30
1.186,27
1.188,25
1.19,27
1.192,30
1.194,31
1.196,29
1.198,30
1.2,30
1.202,28
1.204,27
1.206,29
1.208,31
1.21,27
1.212,33
1.214,31
1.216,32
1.218,32
1.22,31
1.222,28
1.224,29
1.226,26
1.228,30
1.23,33
1.232,29
1.234,26
1.236,31
1.238,32
1.24,26
1.242,29
1.244,30
1.246,30
1.248,30
1.25,30
1.252,30
1.254,27
1.256,30
1.258,25
1.26,28
1.262,25
1.264,28
1.266,28
1.268,30
1.27,28
1.272,28
1.274,28
1.276,29
1.278,28
1.28,29
1.282,28
1.284,30
1.286,28
1.288,26
1.29,24
1.292,25
1.294,24
1.296,26
1.298,26
1.3,26
1.302,27
1.304,28
1.306,26
1.308,26
1.31,26
1.312,28
1.314,26
1.316,31
1.318,25
1.32,28
1.322,25
1.324,28
1.326,24
1.328,27
1.33,28
1.332,25
1.334,24
1.336,25
1.338,24
1.34,26
1.342,27
1.344,25
1.346,24
1.348,23
1.35,26
1.352,28
1.354,28
1.356,29
1.358,30
1.36,32
1.362,31
1.364,33
1.366,30
1.368,33
1.37,31
1.372,34
1.374,34
1.376,29
1.378,30
1.38,29
1.382,31
1.384,35
1.386,35
1.388,34
1.39,32
1.392,35
1.394,33
1.396,30
1.398,35
1.4,31
1.402,30
1.404,32
1.406,30
1.408,36
1.41,32
1.412,32
1.414,32
1.416,34
1.418,31
1.42,29
1.422,33
1.424,34
1.426,32
1.428,29
1.43,26
1.432,32
1.434,30
1.436,29
1.438,31
1.44,25
1.442,32
1.444,30
1.446,32
1.448,33
1.45,35
1.452,34
1.454,32
1.456,31
1.458,30
1.46,29
1.462,29
1.464,31
1.466,34
1.468,28
1.47,36
1.472,34
1.474,31
1.476,31
1.478,34
1.48,31
1.482,30
1.484,32
1.486,34
1.488,33
1.49,31
1.492,27
1.494,29
1.496,29
1.498,32
1.5,31
1.502,33
1.504,30
1.506,30
1.508,31
1.51,28
1.512,28
1.514,30
1.516,30
1.518,28
1.52,28
1.522,28
1.524,25
1.526,28
1.528,29
1.53,30
1.532,31
1.534,29
1.536,27
1.538,30
1.54,29
1.542,28
1.544,31
1.546,29
1.548,30
1.55,36
1.552,29
1.554,25
1.556,31
1.558,31
1.56,31
1.562,30
1.564,28
1.566,26
1.568,28
1.57,27
1.572,24
1.574,26
1.576,24
1.578,29
1.58,26
1.582,27
1.584,24
1.586,26
1.588,27
1.59,27
1.592,28
1.594,27
1.596,27
1.598,30
1.6,30
1.602,27
1.604,28
1.606,23
1.608,25
1.61,29
1.612,29
1.614,25
1.616,26
1.618,25
1.62,26
1.622,27
1.624,29
1.626,26
1.628,30
1.63,27
1.632,28
1.634,31
1.636,34
1.638,33
1.64,29
1.642,35
1.644,30
1.646,29
1.648,31
1.65,29
1.652,29
1.654,33
1.656,31
1.658,28
1.66,27
1.662,26
1.664,26
1.666,29
1.668,29
1.67,28
1.672,26
1.674,32
1.676,27
1.678,26
1.68,29
1.682,27
1.684,26
1.686,27
1.688,31
1.69,30
1.692,28
1.694,32
1.696,28
1.698,30
1.7,34
1.702,32
1.704,27
1.706,28
1.708,28
1.71,30
1.712,26
1.714,28
1.716,31
1.718,32
1.72,29
1.722,30
1.724,30
1.726,30
1.728,34
1.73,28
1.732,27
1.734,28
1.736,27
1.738,28
1.74,30
1.742,27
1.744,32
1.746,30
1.748,31
1.75,33
1.752,32
1.754,29
1.756,30
1.758,32
1.76,34
1.762,27
1.764,29
1.766,30
1.768,30
1.77,33
1.772,28
1.774,31
1.776,30
1.778,34
1.78,36
1.782,31
1.784,29
1.786,32
1.788,30
1.79,31
1.792,34
1.794,33
1.796,35
1.798,35
1.8,30
1.802,35
1.804,29
1.806,30
1.808,28
1.81,28
1.812,29
1.814,28
1.816,34
1.818,33
1.82,34
1.822,31
1.824,30
1.826,33
1.828,29
1.83,29
1.832,29
1.834,30
1.836,32
1.838,31
1.84,29
1.842,29
1.844,33
1.846,30
1.848,28
1.85,32
1.852,32
1.854,29
1.856,30
1.858,28
1.86,25
1.862,29
1.864,28
1.866,31
1.868,36
1.87,33
1.872,27
1.874,29
1.876,28
1.878,32
1.88,31
1.882,28
1.884,29
1.886,21
1.888,26
1.89,28
1.892,30
1.894,30
1.896,27
1.898,28
1.9,31
1.902,26
1.904,29
1.906,33
1.908,30
1.91,30
1.912,28
1.914,28
1.916,29
1.918,29
1.92,30
1.922,28
1.924,28
1.926,27
1.928,28
1.93,31
1.932,27
1.934,30
1.936,28
1.938,30
1.94,27
1.942,30
1.944,27
1.946,29
1.948,31
1.95,29
1.952,28
1.954,28
1.956,26
1.958,27
1.96,31
1.962,34
1.964,32
1.966,27
1.968,28
1.97,27
1.972,33
1.974,24
1.976,26
1.978,27
1.98,24
1.982,29
1.984,32
1.986,27
1.988,29
1.99,29
1.992,33
1.994,26
1.996,34
1.998,30
2.0,30
2.002,31
2.004,29
2.006,31
2.008,31
2.01,31
2.012,27
2.014,34
2.016,27
2.018,35
2.02,29
2.022,31
2.024,33
2.026,35
2.028,33
2.03,30
2.032,32
2.034,31
2.036,27
2.038,30
2.04,27
2.042,29
2.044,33
2.046,31
2.048,32
2.05,32
2.052,26
2.054,31
2.056,29
2.058,31
2.06,27
2.062,30
2.064,27
2.066,25
2.068,32
2.07,32
2.072,26
2.074,24
2.076,23
2.078,31
2.08,28
2.082,28
2.084,30
2.086,32
2.088,33
2.09,31
2.092,34
2.094,25
2.096,31
2.098,26
2.1,28
2.102,29
2.104,29
2.106,34
2.108,28
2.11,31
2.112,34
2.114,26
2.116,30
2.118,28
2.12,24
2.122,32
2.124,36
2.126,36
2.128,29
2.13,28
2.132,31
2.134,30
2.136,27
2.138,30
2.14,27
2.142,29
2.144,34
2.146,29
2.148,34
2.15,27
2.152,31
2.154,31
2.156,32
2.158,30
2.16,27
2.162,33
2.164,28
2.166,24
2.168,29
2.17,30
2.172,28
2.174,29
2.176,31
2.178,24
2.18,27
2.182,28
2.184,28
2.186,27
2.188,30
2.19,25
2.192,28
2.194,33
2.196,31
2.198,29
2.2,30
2.202,25
2.204,28
2.206,28
2.208,25
2.21,31
2.212,26
2.214,28
2.216,29
2.218,22
2.22,31
2.222,24
2.224,34
2.226,29
2.228,31
2.23,28
2.232,30
2.234,32
2.236,29
2.238,26
2.24,29
2.242,29
2.244,27
2.246,31
2.248,26
2.25,34
2.252,31
2.254,33
2.256,29
2.258,34
2.26,29
2.262,30
2.264,28
2.266,30
2.268,32
2.27,30
2.272,33
2.274,32
2.276,33
2.278,33
2.28,34
2.282,30
2.284,30
2.286,30
2.288,30
2.29,33
2.292,29
2.294,30
2.296,30
2.298,30
2.3,31
2.302,32
2.304,25
2.306,30
2.308,30
2.31,33
2.312,27
2.314,28
2.316,27
2.318,29
2.32,28
2.322,28
2.324,27
2.326,30
2.328,29
2.33,23
2.332,30
2.334,30
2.336,27
2.338,32
2.34,31
2.342,32
2.344,30
2.346,31
2.348,29
2.35,32
2.352,31
2.354,32
2.356,23
2.358,35
2.36,32
2.362,36
2.364,35
2.366,34
2.368,32
2.37,35
2.372,33
2.374,32
2.376,30
2.378,33
2.38,34
2.382,34
2.384,35
2.386,30
2.388,33
2.39,30
2.392,32
2.394,34
2.396,33
2.398,31
2.4,32
2.402,34
2.404,30
2.406,29
2.408,32
2.41,34
2.412,35
2.414,29
2.416,30
2.418,29
2.42,31
2.422,31
2.424,32
2.426,26
2.428,29
2.43,26
2.432,28
2.434,25
2.436,25
2.438,27
2.44,26
2.442,26
2.444,31
2.446,31
2.448,35
2.45,28
2.452,27
2.454,27
2.456,27
2.458,33
2.46,33
2.462,30
2.464,29
2.466,29
2.468,29
2.47,30
2.472,27
2.474,27
2.476,25
2.478,29
2.48,26
2.482,31
2.484,27
2.486,25
2.488,29
2.49,31
2.492,32
2.494,30
2.496,30
2.498,30
2.5,29
2.502,25
2.504,26
2.506,28
2.508,29
2.51,32
2.512,24
2.514,27
2.516,28
2.518,29
2.52,28
2.522,30
2.524,34
2.526,35
2.528,33
2.53,30
2.532,35
2.534,30
2.536,32
2.538,31
2.54,35
2.542,32
2.544,34
2.546,30
2.548,28
2.55,34
2.552,31
2.554,36
2.556,30
2.558,35
2.56,33
2.562,32
2.564,32
2.566,36
2.568,34
2.57,31
2.572,31
2.574,28
2.576,32
2.578,33
2.58,32
2.582,32
2.584,32
2.586,28
2.588,31
2.59,32
2.592,33
2.594,32
2.596,32
2.598,31
2.6,32
2.602,29
2.604,30
2.606,28
2.608,30
2.61,30
2.612,32
2.614,31
2.616,33
2.618,34
2.62,29
2.622,28
2.624,31
2.626,30
2.628,31
2.63,28
2.632,29
2.634,29
2.636,33
2.638,34
2.64,35
2.642,34
2.644,33
2.646,31
2.648,34
2.65,34
2.652,30
2.654,31
2.656,34
2.658,32
2.66,29
2.662,26
2.664,28
2.666,28
2.668,30
2.67,29
2.672,29
2.674,28
2.676,31
2.678,30
2.68,31
2.682,29
2.684,26
2.686,27
2.688,30
2.69,27
2.692,23
2.694,26
2.696,27
2.698,28
2.7,30
2.702,30
2.704,26
2.706,27
2.708,35
2.71,30
2.712,33
2.714,32
2.716,33
2.718,28
2.72,29
2.722,31
2.724,28
2.726,32
2.728,28
2.73,31
2.732,35
2.734,31
2.736,33
2.738,32
2.74,35
2.742,32
2.744,31
2.746,34
2.748,34
2.75,32
2.752,32
2.754,31
2.756,35
2.758,35
2.76,35
2.762,29
2.764,33
2.766,32
2.768,29
2.77,34
2.772,31
2.774,34
2.776,31
2.778,33
2.78,27
2.782,32
2.784,29
2.786,31
2.788,33
2.79,35
2.792,28
2.794,34
2.796,33
2.798,31
2.8,31
2.802,31
2.804,29
2.806,29
2.808,31
2.81,30
2.812,32
2.814,29
2.816,32
2.818,28
2.82,32
2.822,33
2.824,31
2.826,26
2.828,34
2.83,32
2.832,28
2.834,27
2.836,34
2.838,30
2.84,28
2.842,31
2.844,32
2.846,29
2.848,28
2.85,34
2.852,33
2.854,32
2.856,29
2.858,33
2.86,31
2.862,29
2.864,30
2.866,26
2.868,31
2.87,35
2.872,30
2.874,32
2.876,29
2.878,34
2.88,30
2.882,23
2.884,26
2.886,32
2.888,33
2.89,29
2.892,29
2.894,30
2.896,28
2.898,34
2.9,31
2.902,28
2.904,32
2.906,31
2.908,33
2.91,31
2.912,30
2.914,28
2.916,33
2.918,34
2.92,32
2.922,30
2.924,30
2.926,31
2.928,31
2.93,26
2.932,35
2.934,28
2.936,35
2.938,33
2.94,32
2.942,31
2.944,28
2.946,30
2.948,31
2.95,31
2.952,30
2.954,30
2.956,33
2.958,34
2.96,34
2.962,32
2.964,31
2.966,31
2.968,35
2.97,33
2.972,30
2.974,29
2.976,34
2.978,30
2.98,32
2.982,32
2.984,27
2.986,32
2.988,32
2.99,26
2.992,28
2.994,29
2.996,33
2.998,33
3.0,28
3.002,31
3.004,28
3.006,31
3.008,34
3.01,29
3.012,23
3.014,30
3.016,29
3.018,32
3.02,29
3.022,32
3.024,30
3.026,32
3.028,29
3.03,30
3.032,28
3.034,34
3.036,32
3.038,27
3.04,27
3.042,26
3.044,25
3.046,28
3.048,26
3.05,26
3.052,31
3.054,33
3.056,26
3.058,26
3.06,27
3.062,30
3.064,30
3.066,30
3.068,30
3.07,28
3.072,30
3.074,27
3.076,29
3.078,31
3.08,32
3.082,28
3.084,33
3.086,32
3.088,29
3.09,28
3.092,30
3.094,28
3.096,28
3.098,29
3.1,28
3.102,26
3.104,27
3.106,24
3.108,24
3.11,29
3.112,23
3.114,25
3.116,28
3.118,29
3.12,28
3.122,28
3.124,28
3.126,28
3.128,25
3.13,24
3.132,25
3.134,25
3.136,27
3.138,26
3.14,27
3.142,24
3.144,26
3.146,26
3.148,28
3.15,27
3.152,25
3.154,24
3.156,27
3.158,25
3.16,24
3.162,29
3.164,26
3.166,27
3.168,24
3.17,29
3.172,29
3.174,25
3.176,26
3.178,24
3.18,26
3.182,25
3.184,25
3.186,27
3.188,25
3.19,21
3.192,27
3.194,28
3.196,28
3.198,25
3.2,30
3.202,29
3.204,25
3.206,29
3.208,28
3.21,29
3.212,25
3.214,22
3.216,24
3.218,27
3.22,25
3.222,23
3.224,24
3.226,31
3.228,27
3.23,25
3.232,27
3.234,26
3.236,26
3.238,24
3.24,23
3.242,30
3.244,28
3.246,26
3.248,22
3.25,25
3.252,24
3.254,27
3.256,21
3.258,23
3.26,28
3.262,30
3.264,23
3.266,27
3.268,26
3.27,27
3.272,29
3.274,27
3.276,29
3.278,23
3.28,30
3.282,26
3.284,31
3.286,28
3.288,28
3.29,27
3.292,27
3.294,23
3.296,26
3.298,28
3.3,27
3.302,25
3.304,26
3.306,25
3.308,26
3.31,25
3.312,24
3.314,25
3.316,27
3.318,26
3.32,27
3.322,26
3.324,26
3.326,27
3.328,26
3.33,22
3.332,27
3.334,24
3.336,25
3.338,30
3.34,26
3.342,27
3.344,31
3.346,31
3.348,26
3.35,31
3.352,27
3.354,24
3.356,28
3.358,28
3.36,27
3.362,27
3.364,26
3.366,26
3.368,28
3.37,25
3.372,28
3.374,27
3.376,27
3.378,30
3.38,27
3.382,24
3.384,33
3.386,28
3.388,29
3.39,27
3.392,27
3.394,30
3.396,29
3.398,28
3.4,30
3.402,26
3.404,28
3.406,30
3.408,33
3.41,27
3.412,25
3.414,33
3.416,25
3.418,31
3.42,29
3.422,32
3.424,30
3.426,31
3.428,27
3.43,29
3.432,26
3.434,31
3.436,34
3.438,33
3.44,30
3.442,31
3.444,28
3.446,29
3.448,30
3.45,30
3.452,32
3.454,32
3.456,31
3.458,32
3.46,27
3.462,31
3.464,29
3.466,24
3.468,30
3.47,28
3.472,29
3.474,30
3.476,30
3.478,26
3.48,26
3.482,31
3.484,27
3.486,31
3.488,29
3.49,31
3.492,29
3.494,28
3.496,28
3.498,32
3.5,28
3.502,28
3.504,32
3.506,31
3.508,27
3.51,28
3.512,31
3.514,31
3.516,33
3.518,27
3.52,29
3.522,30
3.524,31
3.526,32
3.528,27
3.53,29
3.532,31
3.534,29
3.536,32
3.538,31
3.54,31
3.542,29
3.544,26
3.546,30
3.548,28
3.55,28
3.552,32
3.554,26
3.556,26
3.558,27
3.56,26
3.562,28
3.564,28
3.566,27
3.568,30
3.57,28
3.572,29
3.574,31
3.576,29
3.578,29
3.58,30
3.582,30
3.584,32
3.586,32
3.588,31
3.59,26
3.592,27
3.594,28
3.596,29
3.598,26
3.6,28
3.602,25
3.604,28
3.606,29
3.608,29
3.61,30
3.612,29
3.614,32
3.616,32
3.618,29
3.62,27
3.622,29
3.624,29
3.626,27
3.628,28
3.63,28
3.632,29
3.634,30
3.636,30
3.638,29
3.64,30
3.642,31
3.644,36
3.646,34
3.648,30
3.65,32
3.652,32
3.654,29
3.656,33
3.658,33
3.66,25
3.662,31
3.664,30
3.666,31
3.668,29
3.67,29
3.672,30
3.674,29
3.676,29
3.678,28
3.68,31
3.682,30
3.684,33
3.686,32
3.688,30
3.69,30
3.692,29
3.694,31
3.696,31
3.698,29
3.7,30
3.702,29
3.704,29
3.706,30
3.708,32
3.71,27
3.712,27
3.714,30
3.716,25
3.718,30
3.72,32
3.722,30
3.724,33
3.726,30
3.728,33
3.73,32
3.732,30
3.734,34
3.736,33
3.738,29
3.74,29
3.742,33
3.744,32
3.746,27
3.748,27
3.75,34
3.752,28
3.754,28
3.756,29
3.758,28
3.76,27
3.762,25
3.764,28
3.766,32
3.768,33
3.77,34
3.772,35
3.774,33
3.776,30
3.778,32
3.78,32
3.782,28
3.784,33
3.786,28
3.788,32
3.79,34
3.792,33
3.794,31
3.796,28
3.798,29
3.8,34
3.802,34
3.804,31
3.806,31
3.808,29
3.81,33
3.812,28
3.814,32
3.816,33
3.818,33
3.82,31
3.822,31
3.824,26
3.826,33
3.828,27
3.83,33
3.832,30
3.834,29
3.836,35
3.838,29
3.84,30
3.842,26
3.844,30
3.846,31
3.848,33
3.85,32
3.852,31
3.854,32
3.856,32
3.858,31
3.86,30
3.862,29
3.864,30
3.866,30
3.868,31
3.87,28
3.872,30
3.874,27
3.876,27
3.878,30
3.88,31
3.882,29
3.884,28
3.886,26
3.888,27
3.89,31
3.892,30
3.894,29
3.896,27
3.898,28
3.9,32
3.902,28
3.904,30
3.906,26
3.908,31
3.91,27
3.912,27
3.914,29
3.916,28
3.918,29
3.92,32
3.922,28
3.924,29
3.926,30
3.928,33
3.93,35
3.932,27
3.934,27
3.936,27
3.938,29
3.94,29
3.942,27
3.944,33
3.946,33
3.948,34
3.95,34
3.952,31
3.954,32
3.956,32
3.958,32
3.96,30
3.962,28
3.964,32
3.966,30
3.968,31
3.97,28
3.972,33
3.974,31
3.976,31
3.978,31
3.98,32
3.982,29
3.984,27
3.986,24
3.988,36
3.99,30
3.992,34
3.994,31
3.996,30
3.998,29
4.0,30
4.002,30
4.004,35
4.006,32
4.008,32
4.01,32
4.012,32
4.014,26
4.016,34
4.018,30
4.02,28
4.022,33
4.024,32
4.026,30
4.028,30
4.03,37
4.032,32
4.034,31
4.036,30
4.038,30
4.04,32
4.042,34
4.044,30
4.046,30
4.048,32
4.05,30
4.052,31
4.054,30
4.056,27
4.058,27
4.06,26
4.062,28
4.064,32
4.066,27
4.068,31
4.07,28
4.072,30
4.074,32
4.076,31
4.078,28
4.08,30
4.082,25
4.084,27
4.086,28
4.088,30
4.09,32
4.092,29
4.094,31
4.096,30
4.098,29
4.1,30
4.102,29
4.104,31
4.106,27
4.108,30
4.11,29
4.112,33
4.114,32
4.116,33
4.118,32
4.12,30
4.122,33
4.124,31
4.126,29
4.128,25
4.13,28
4.132,26
4.134,30
4.136,30
4.138,30
4.14,29
4.142,32
4.144,30
4.146,27
4.148,29
4.15,34
4.152,34
4.154,30
4.156,30
4.158,29
4.16,33
4.162,30
4.164,27
4.166,29
4.168,30
4.17,28
4.172,32
4.174,31
4.176,33
4.178,30
4.18,30
4.182,33
4.184,30
4.186,31
4.188,33
4.19,29
4.192,32
4.194,30
4.196,30
4.198,30
4.2,27
4.202,31
4.204,29
4.206,31
4.208,29
4.21,28
4.212,32
4.214,32
4.216,33
4.218,32
4.22,29
4.222,26
4.224,33
4.226,32
4.228,31
4.23,28
4.232,32
4.234,33
4.236,34
4.238,28
4.24,32
4.242,32
4.244,32
4.246,31
4.248,32
4.25,35
4.252,29
4.254,32
4.256,30
4.258,32
4.26,30
4.262,32
4.264,31
4.266,32
4.268,33
4.27,31
4.272,29
4.274,28
4.276,30
4.278,33
4.28,26
4.282,28
4.284,28
4.286,26
4.288,27
4.29,30
4.292,30
4.294,28
4.296,27
4.298,27
4.3,28
4.302,31
4.304,30
4.306,30
4.308,29
4.31,32
4.312,32
4.314,30
4.316,34
4.318,29
4.32,29
4.322,27
4.324,31
4.326,27
4.328,30
4.33,29
4.332,28
4.334,28
4.336,28
4.338,31
4.34,29
4.342,28
4.344,29
4.346,30
4.348,31
4.35,31
4.352,29
4.354,31
4.356,28
4.358,28
4.36,28
4.362,30
4.364,28
4.366,29
4.368,30
4.37,31
4.372,31
4.374,30
4.376,26
4.378,28
4.38,31
4.382,32
4.384,31
4.386,35
4.388,31
4.39,31
4.392,33
4.394,28
4.396,33
4.398,32
4.4,29
4.402,30
4.404,33
4.406,34
4.408,29
4.41,26
4.412,30
4.414,29
4.416,29
4.418,30
4.42,30
4.422,28
4.424,28
4.426,29
4.428,28
4.43,34
4.432,29
4.434,29
4.436,26
4.438,33
4.44,32
4.442,29
4.444,27
4.446,33
4.448,33
4.45,32
4.452,33
4.454,30
4.456,29
4.458,35
4.46,32
4.462,30
4.464,30
4.466,29
4.468,31
4.47,38
4.472,32
4.474,33
4.476,31
4.478,31
4.48,34
4.482,31
4.484,27
4.486,30
4.488,31
4.49,30
4.492,29
4.494,29
4.496,29
4.498,29
4.5,29
4.502,26
4.504,28
4.506,29
4.508,27
4.51,28
4.512,27
4.514,30
4.516,31
4.518,29
4.52,32
4.522,30
4.524,30
4.526,30
4.528,25
4.53,28
4.532,27
4.534,25
4.536,26
4.538,28
4.54,30
4.542,27
4.544,29
4.546,26
4.548,30
4.55,29
4.552,31
4.554,29
4.556,29
4.558,29
4.56,29
4.562,27
4.564,26
4.566,32
4.568,29
4.57,29
4.572,26
4.574,31
4.576,26
4.578,25
4.58,27
4.582,27
4.584,22
4.586,32
4.588,26
4.59,27
4.592,30
4.594,30
4.596,28
4.598,25
4.6,27
4.602,33
4.604,26
4.606,25
4.608,28
4.61,26
4.612,23
4.614,28
4.616,25
4.618,26
4.62,25
4.622,27
4.624,29
4.626,29
4.628,31
4.63,32
4.632,30
4.634,28
4.636,25
4.638,26
4.64,27
4.642,30
4.644,29
4.646,24
4.648,27
4.65,29
4.652,26
4.654,26
4.656,29
4.658,27
4.66,28
4.662,28
4.664,28
4.666,33
4.668,30
4.67,31
4.672,28
4.674,27
4.676,30
4.678,32
4.68,29
4.682,30
4.684,30
4.686,28
4.688,26
4.69,25
4.692,27
4.694,25
4.696,25
4.698,29
4.7,26
4.702,28
4.704,30
4.706,26
4.708,26
4.71,29
4.712,26
4.714,25
4.716,28
4.718,31
4.72,24
4.722,23
4.724,27
4.726,30
4.728,28
4.73,27
4.732,29
4.734,26
4.736,27
4.738,27
4.74,27
4.742,28
4.744,25
4.746,28
4.748,27
4.75,28
4.752,25
4.754,27
4.756,26
4.758,28
4.76,29
4.762,27
4.764,27
4.766,23
4.768,27
4.77,24
4.772,26
4.774,23
4.776,26
4.778,27
4.78,25
4.782,28
4.784,24
4.786,28
4.788,26
4.79,25
4.792,29
4.794,31
4.796,26
4.798,26
4.8,27
4.802,27
4.804,31
4.806,26
4.808,26
4.81,28
4.812,31
4.814,29
4.816,28
4.818,28
4.82,31
4.822,27
4.824,32
4.826,32
4.828,31
4.83,28
4.832,25
4.834,30
4.836,28
4.838,25
4.84,27
4.842,27
4.844,26
4.846,27
4.848,27
4.85,27
4.852,25
4.854,30
4.856,27
4.858,28
4.86,26
4.862,28
4.864,27
4.866,25
4.868,29
4.87,26
4.872,31
4.874,27
4.876,31
4.878,29
4.88,30
4.882,27
4.884,25
4.886,29
4.888,28
4.89,26
4.892,25
4.894,24
4.896,31
4.898,26
4.9,23
4.902,28
4.904,28
4.906,25
4.908,30
4.91,30
4.912,27
4.914,28
4.916,31
4.918,27
4.92,26
4.922,27
4.924,31
4.926,27
4.928,29
4.93,31
4.932,29
4.934,31
4.936,28
4.938,27
4.94,30
4.942,27
4.944,29
4.946,27
4.948,30
4.95,30
4.952,28
4.954,31
4.956,29
4.958,29
4.96,31
4.962,28
4.964,29
4.966,28
4.968,28
4.97,31
4.972,32
4.974,28
4.976,29
4.978,29
4.98,27
4.982,29
4.984,30
4.986,29
4.988,32
4.99,30
4.992,31
4.994,32
4.996,26
4.998,31
5.0,32
5.002,35
5.004,31
5.006,30
5.008,33
5.01,33
5.012,29
5.014,32
5.016,31
5.018,32
5.02,33
5.022,30
5.024,30
5.026,28
5.028,31
5.03,31
5.032,29
5.034,30
5.036,31
5.038,32
5.04,28
5.042,28
5.044,29
5.046,32
5.048,30
5.05,27
5.052,30
5.054,28
5.056,30
5.058,29
5.06,28
5.062,27
5.064,28
5.066,26
5.068,26
5.07,24
5.072,26
5.074,30
5.076,29
5.078,30
5.08,28
5.082,29
5.084,29
5.086,30
5.088,30
5.09,26
5.092,30
5.094,31
5.096,29
5.098,27
5.1,27
5.102,26
5.104,29
5.106,30
5.108,29
5.11,31
5.112,29
5.114,27
5.116,30
5.118,32
5.12,25
5.122,28
5.124,27
5.126,32
5.128,28
5.13,27
5.132,27
5.134,31
5.136,27
5.138,28
5.14,27
5.142,27
5.144,30
5.146,24
5.148,29
5.15,28
5.152,26
5.154,28
5.156,27
5.158,23
5.16,28
5.162,27
5.164,30
5.166,27
5.168,28
5.17,29
5.172,30
5.174,33
5.176,27
5.178,29
5.18,26
5.182,28
5.184,32
5.186,28
5.188,30
5.19,27
5.192,27
5.194,30
5.196,30
5.198,30
5.2,31
5.202,31
5.204,32
5.206,30
5.208,26
5.21,31
5.212,29
5.214,30
5.216,28
5.218,27
5.22,35
5.222,28
5.224,29
5.226,28
5.228,30
5.23,29
5.232,30
5.234,29
5.236,31
5.238,32
5.24,31
5.242,35
5.244,30
5.246,32
5.248,33
5.25,31
5.252,31
5.254,32
5.256,31
5.258,33
5.26,32
5.262,30
5.264,30
5.266,29
5.268,28
5.27,29
5.272,31
5.274,28
5.276,28
5.278,26
5.28,30
5.282,27
5.284,28
5.286,28
5.288,30
5.29,26
5.292,26
5.294,28
5.296,28
5.298,29
5.3,27
5.302,30
5.304,28
5.306,28
5.308,29
5.31,29
5.312,27
5.314,28
5.316,29
5.318,31
5.32,31
5.322,28
5.324,28
5.326,25
5.328,30
5.33,31
5.332,31
5.334,27
5.336,30
5.338,30
5.34,29
5.342,28
5.344,29
5.346,28
5.348,29
5.35,25
5.352,25
5.354,26
5.356,26
5.358,25
5.36,29
5.362,27
5.364,28
5.366,28
5.368,33
5.37,28
5.372,26
5.374,31
5.376,31
5.378,26
5.38,32
5.382,29
5.384,26
5.386,26
5.388,26
5.39,29
5.392,29
5.394,28
5.396,28
5.398,28
5.4,29
5.402,28
5.404,30
5.406,27
5.408,27
5.41,29
5.412,31
5.414,29
5.416,26
5.418,30
5.42,32
5.422,29
5.424,30
5.426,30
5.428,30
5.43,31
5.432,28
5.434,32
5.436,31
5.438,26
5.44,26
5.442,30
5.444,29
5.446,28
5.448,25
5.45,29
5.452,29
5.454,25
5.456,27
5.458,26
5.46,27
5.462,29
5.464,25
5.466,26
5.468,28
5.47,27
5.472,29
5.474,29
5.476,25
5.478,28
5.48,29
5.482,25
5.484,27
5.486,29
5.488,25
5.49,27
5.492,31
5.494,27
5.496,25
5.498,28
5.5,27
5.502,27
5.504,28
5.506,26
5.508,32
5.51,29
5.512,29
5.514,29
5.516,29
5.518,28
5.52,30
5.522,30
5.524,29
5.526,32
5.528,28
5.53,32
5.532,28
5.534,29
5.536,31
5.538,31
5.54,29
5.542,30
5.544,25
5.546,27
5.548,27
5.55,30
5.552,28
5.554,33
5.556,29
5.558,26
5.56,30
5.562,28
5.564,28
5.566,30
5.568,28
5.57,31
5.572,31
5.574,31
5.576,29
5.578,35
5.58,32
5.582,26
5.584,30
5.586,28
5.588,32
5.59,34
5.592,31
5.594,31
5.596,28
5.598,32
5.6,30
5.602,31
5.604,30
5.606,28
5.608,26
5.61,30
5.612,28
5.614,28
5.616,29
5.618,25
5.62,27
5.622,27
5.624,27
5.626,28
5.628,30
5.63,33
5.632,27
5.634,31
5.636,28
5.638,28
5.64,29
5.642,28
5.644,26
5.646,24
5.648,25
5.65,24
5.652,24
5.654,26
5.656,27
5.658,32
5.66,29
5.662,29
5.664,28
5.666,32
5.668,26
5.67,27
5.672,31
5.674,26
5.676,31
5.678,29
5.68,31
5.682,26
5.684,27
5.686,30
5.688,30
5.69,28
5.692,25
5.694,27
5.696,26
5.698,27
5.7,29
5.702,31
5.704,30
5.706,30
5.708,30
5.71,27
5.712,27
5.714,27
5.716,25
5.718,28
5.72,28
5.722,30
5.724,31
5.726,25
5.728,26
5.73,22
5.732,24
5.734,23
5.736,25
5.738,25
5.74,26
5.742,29
5.744,24
5.746,23
5.748,24
5.75,24
5.752,26
5.754,28
5.756,25
5.758,27
5.76,27
5.762,27
5.764,23
5.766,25
5.768,23
5.77,27
5.772,27
5.774,28
5.776,27
5.778,25
5.78,24
5.782,27
5.784,27
5.786,26
5.788,28
5.79,25
5.792,25
5.794,25
5.796,24
5.798,26
5.8,27
5.802,28
5.804,27
5.806,27
5.808,30
5.81,26
5.812,29
5.814,26
5.816,25
5.818,29
5.82,26
5.822,31
5.824,29
5.826,28
5.828,27
5.83,31
5.832,30
5.834,29
5.836,27
5.838,29
5.84,30
5.842,29
5.844,32
5.846,29
5.848,33
5.85,31
5.852,31
5.854,30
5.856,32
5.858,29
5.86,28
5.862,32
5.864,29
5.866,31
5.868,28
5.87,28
5.872,29
5.874,29
5.876,31
5.878,25
5.88,27
5.882,26
5.884,28
5.886,26
5.888,29
5.89,28
5.892,31
5.894,29
5.896,34
5.898,31
5.9,29
5.902,30
5.904,31
5.906,28
5.908,31
5.91,26
5.912,30
5.914,29
5.916,24
5.918,27
5.92,26
5.922,28
5.924,30
5.926,29
5.928,30
5.93,30
5.932,28
5.934,30
5.936,30
5.938,28
5.94,29
5.942,25
5.944,28
5.946,30
5.948,27
5.95,28
5.952,29
5.954,26
5.956,31
5.958,32
5.96,30
5.962,32
5.964,29
5.966,30
5.968,32
5.97,30
5.972,27
5.974,28
5.976,31
5.978,31
5.98,30
5.982,28
5.984,28
5.986,26
5.988,26
5.99,27
5.992,29
5.994,29
5.996,26
5.998,27
6.0,27
6.002,29
6.004,29
6.006,31
6.008,27
6.01,30
6.012,31
6.014,33
6.016,33
6.018,26
6.02,32
6.022,29
6.024,31
6.026,31
6.028,32
6.03,32
6.032,31
6.034,31
6.036,23
6.038,31
6.04,28
6.042,27
6.044,27
6.046,30
6.048,31
6.05,27
6.052,28
6.054,31
6.056,29
6.058,29
6.06,30
6.062,27
6.064,27
6.066,28
6.068,26
6.07,26
6.072,29
6.074,30
6.076,25
6.078,29
6.08,30
6.082,30
6.084,30
6.086,31
6.088,33
6.09,30
6.092,35
6.094,30
6.096,30
6.098,31
6.1,29
6.102,29
6.104,29
6.106,28
6.108,29
6.11,26
6.112,27
6.114,27
6.116,29
6.118,23
6.12,23
6.122,27
6.124,27
6.126,26
6.128,31
6.13,27
6.132,30
6.134,30
6.136,26
6.138,29
6.14,28
6.142,30
6.144,28
6.146,32
6.148,29
6.15,29
6.152,29
6.154,29
6.156,25
6.158,27
6.16,28
6.162,28
6.164,28
6.166,28
6.168,26
6.17,26
6.172,29
6.174,26
6.176,24
6.178,26
6.18,27
6.182,30
6.184,28
6.186,25
6.188,25
6.19,31
6.192,31
6.194,30
6.196,27
6.198,27
6.2,28
6.202,28
6.204,28
6.206,28
6.208,25
6.21,29
6.212,28
6.214,28
6.216,26
6.218,27
6.22,31
6.222,31
6.224,29
6.226,32
6.228,31
6.23,26
6.232,31
6.234,31
6.236,30
6.238,30
6.24,35
6.242,28
6.244,28
6.246,28
6.248,28
6.25,27
6.252,27
6.254,24
6.256,30
6.258,30
6.26,31
6.262,30
6.264,27
6.266,29
6.268,27
6.27,30
6.272,29
6.274,31
6.276,28
6.278,28
6.28,31
6.282,27
6.284,28
6.286,31
6.288,27
6.29,27
6.292,27
6.294,26
6.296,28
6.298,30
6.3,30
6.302,27
6.304,30
6.306,25
6.308,24
6.31,29
6.312,28
6.314,31
6.316,28
6.318,29
6.32,28
6.322,29
6.324,29
6.326,29
6.328,28
6.33,23
6.332,25
6.334,29
6.336,31
6.338,28
6.34,28
6.342,31
6.344,26
6.346,31
6.348,28
6.35,30
6.352,29
6.354,31
6.356,34
6.358,34
6.36,32
6.362,27
6.364,26
6.366,30
6.368,30
6.37,31
6.372,29
6.374,25
6.376,28
6.378,29
6.38,31
6.382,29
6.384,35
6.386,33
6.388,30
6.39,28
6.392,33
6.394,30
6.396,30
6.398,33
6.4,27
6.402,31
6.404,28
6.406,28
6.408,28
6.41,27
6.412,28
6.414,27
6.416,27
6.418,33
6.42,29
6.422,26
6.424,29
6.426,29
6.428,30
6.43,28
6.432,27
6.434,28
6.436,29
6.438,28
6.44,25
6.442,26
6.444,31
6.446,29
6.448,32
6.45,30
6.452,29
6.454,27
6.456,28
6.458,24
6.46,27
6.462,29
6.464,30
6.466,30
6.468,24
6.47,28
6.472,26
6.474,29
6.476,29
6.478,30
6.48,25
6.482,27
6.484,26
6.486,32
6.488,29
6.49,34
6.492,31
6.494,30
6.496,31
6.498,26
6.5,35
6.502,36
6.504,29
6.506,31
6.508,27
6.51,27
6.512,33
6.514,31
6.516,28
6.518,28
6.52,29
6.522,31
6.524,27
6.526,29
6.528,28
6.53,32
6.532,27
6.534,25
6.536,25
6.538,32
6.54,27
6.542,29
6.544,31
6.546,29
6.548,30
6.55,27
6.552,28
6.554,28
6.556,27
6.558,30
6.56,28
6.562,27
6.564,28
6.566,30
6.568,30
6.57,31
6.572,30
6.574,33
6.576,33
6.578,34
6.58,31
6.582,36
6.584,28
6.586,30
6.588,28
6.59,28
6.592,31
6.594,28
6.596,26
6.598,29
6.6,26
6.602,27
6.604,26
6.606,26
6.608,30
6.61,27
6.612,26
6.614,26
6.616,28
6.618,27
6.62,24
6.622,23
6.624,27
6.626,26
6.628,23
6.63,30
6.632,27
6.634,27
6.636,25
6.638,28
6.64,25
6.642,26
6.644,29
6.646,24
6.648,28
6.65,27
6.652,29
6.654,28
6.656,29
6.658,27
6.66,29
6.662,32
6.664,30
6.666,28
6.668,28
6.67,27
6.672,31
6.674,27
6.676,28
6.678,26
6.68,29
6.682,28
6.684,29
6.686,26
6.688,28
6.69,30
6.692,29
6.694,28
6.696,25
6.698,33
6.7,30
6.702,29
6.704,30
6.706,26
6.708,27
6.71,28
6.712,25
6.714,29
6.716,27
6.718,28
6.72,27
6.722,28
6.724,28
6.726,31
6.728,27
6.73,30
6.732,25
6.734,29
6.736,25
6.738,29
6.74,35
6.742,30
6.744,32
6.746,28
6.748,31
6.75,31
6.752,32
6.754,33
6.756,29
6.758,33
6.76,30
6.762,30
6.764,32
6.766,27
6.768,28
6.77,26
6.772,30
6.774,32
6.776,32
6.778,30
6.78,34
6.782,32
6.784,33
6.786,34
6.788,29
6.79,28
6.792,29
6.794,31
6.796,28
6.798,28
6.8,34
6.802,32
6.804,30
6.806,27
6.808,30
6.81,28
6.812,30
6.814,28
6.816,27
6.818,28
6.82,31
6.822,28
6.824,28
6.826,31
6.828,30
6.83,32
6.832,30
6.834,30
6.836,30
6.838,32
6.84,29
6.842,26
6.844,28
6.846,29
6.848,26
6.85,31
6.852,27
6.854,27
6.856,33
6.858,31
6.86,29
6.862,26
6.864,26
6.866,25
6.868,26
6.87,25
6.872,29
6.874,24
6.876,27
6.878,29
6.88,23
6.882,28
6.884,29
6.886,26
6.888,28
6.89,29
6.892,28
6.894,29
6.896,31
6.898,30
6.9,24
6.902,29
6.904,29
6.906,26
6.908,26
6.91,29
6.912,25
6.914,28
6.916,29
6.918,27
6.92,32
6.922,24
6.924,26
6.926,31
6.928,28
6.93,26
6.932,28
6.934,26
6.936,28
6.938,26
6.94,26
6.942,29
6.944,27
6.946,26
6.948,30
6.95,30
6.952,25
6.954,26
6.956,24
6.958,28
6.96,30
6.962,26
6.964,23
6.966,28
6.968,25
6.97,28
6.972,26
6.974,31
6.976,27
6.978,28
6.98,25
6.982,27
6.984,28
6.986,27
6.988,28
6.99,30
6.992,30
6.994,32
6.996,28
6.998,27
7.0,26
7.002,30
7.004,31
7.006,26
7.008,28
7.01,27
7.012,24
7.014,29
7.016,28
7.018,28
7.02,30
7.022,28
7.024,23
7.026,26
7.028,27
7.03,28
7.032,27
7.034,31
7.036,29
7.038,26
7.04,27
7.042,29
7.044,28
7.046,27
7.048,28
7.05,31
7.052,29
7.054,26
7.056,27
7.058,28
7.06,27
7.062,28
7.064,25
7.066,29
7.068,26
7.07,31
7.072,29
7.074,30
7.076,31
7.078,30
7.08,30
7.082,27
7.084,28
7.086,33
7.088,32
7.09,31
7.092,31
7.094,28
7.096,31
7.098,29
7.1,29
7.102,26
7.104,27
7.106,28
7.108,30
7.11,30
7.112,31
7.114,30
7.116,29
7.118,31
7.12,32
7.122,30
7.124,30
7.126,30
7.128,28
7.13,31
7.132,32
7.134,31
7.136,29
7.138,29
7.14,30
7.142,33
7.144,35
7.146,29
7.148,30
7.15,30
7.152,27
7.154,28
7.156,31
7.158,27
7.16,25
7.162,27
7.164,25
7.166,32
7.168,28
7.17,28
7.172,28
7.174,24
7.176,25
7.178,30
7.18,32
7.182,30
7.184,27
7.186,30
7.188,33
7.19,29
7.192,33
7.194,33
7.196,32
7.198,29
7.2,35
7.202,30
7.204,33
7.206,30
7.208,29
7.21,27
7.212,29
7.214,31
7.216,27
7.218,30
7.22,28
7.222,26
7.224,26
7.226,27
7.228,29
7.23,30
7.232,30
7.234,33
7.236,33
7.238,30
7.24,29
7.242,29
7.244,28
7.246,29
7.248,32
7.25,30
7.252,33
7.254,31
7.256,31
7.258,30
7.26,30
7.262,30
7.264,31
7.266,30
7.268,29
7.27,30
7.272,31
7.274,29
7.276,29
7.278,27
7.28,26
7.282,28
7.284,28
7.286,28
7.288,27
7.29,29
7.292,33
7.294,31
7.296,31
7.298,33
7.3,27
7.302,27
7.304,35
7.306,24
7.308,28
7.31,28
7.312,32
7.314,30
7.316,32
7.318,26
7.32,31
7.322,28
7.324,34
7.326,30
7.328,31
7.33,31
7.332,31
7.334,33
7.336,32
7.338,28
7.34,31
7.342,32
7.344,26
7.346,30
7.348,31
7.35,29
7.352,28
7.354,29
7.356,27
7.358,33
7.36,32
7.362,26
7.364,29
7.366,32
7.368,34
7.37,33
7.372,32
7.374,32
7.376,31
7.378,30
7.38,26
7.382,29
7.384,28
7.386,30
7.388,29
7.39,27
7.392,30
7.394,28
7.396,30
7.398,29
7.4,28
7.402,29
7.404,27
7.406,28
7.408,23
7.41,29
7.412,28
7.414,34
7.416,28
7.418,30
7.42,29
7.422,32
7.424,29
7.426,29
7.428,27
7.43,25
7.432,31
7.434,31
7.436,29
7.438,27
7.44,32
7.442,30
7.444,29
7.446,30
7.448,31
7.45,33
7.452,32
7.454,29
7.456,34
7.458,31
7.46,32
7.462,24
7.464,32
7.466,29
7.468,32
7.47,34
7.472,29
7.474,33
7.476,33
7.478,28
7.48,33
7.482,30
7.484,28
7.486,31
7.488,32
7.49,27
7.492,30
7.494,29
7.496,32
7.498,29
7.5,24
7.502,27
7.504,27
7.506,32
7.508,28
7.51,24
7.512,29
7.514,31
7.516,25
7.518,31
7.52,28
7.522,31
7.524,32
7.526,33
7.528,31
7.53,28
7.532,28
7.534,28
7.536,28
7.538,30
7.54,26
7.542,32
7.544,30
7.546,33
7.548,31
7.55,31
7.552,28
7.554,30
7.556,30
7.558,32
7.56,27
7.562,33
7.564,32
7.566,31
7.568,34
7.57,30
7.572,30
7.574,31
7.576,37
7.578,33
7.58,30
7.582,32
7.584,28
7.586,32
7.588,29
7.59,32
7.592,28
7.594,28
7.596,31
7.598,30
7.6,28
7.602,29
7.604,27
7.606,30
7.608,31
7.61,29
7.612,28
7.614,30
7.616,27
7.618,23
7.62,28
7.622,31
7.624,29
7.626,32
7.628,27
7.63,31
7.632,25
7.634,31
7.636,28
7.638,26
7.64,30
7.642,31
7.644,30
7.646,30
7.648,27
7.65,28
7.652,32
7.654,29
7.656,29
7.658,29
7.66,32
7.662,24
7.664,31
7.666,29
7.668,28
7.67,28
7.672,28
7.674,28
7.676,24
7.678,33
7.68,27
7.682,30
7.684,27
7.686,23
7.688,31
7.69,31
7.692,29
7.694,32
7.696,31
7.698,26
7.7,25
7.702,29
7.704,26
7.706,33
7.708,31
7.71,27
7.712,26
7.714,26
7.716,26
7.718,27
7.72,25
7.722,25
7.724,32
7.726,27
7.728,29
7.73,30
7.732,30
7.734,30
7.736,31
7.738,29
7.74,33
7.742,32
7.744,28
7.746,31
7.748,30
7.75,29
7.752,33
7.754,31
7.756,30
7.758,30
7.76,32
7.762,28
7.764,25
7.766,26
7.768,28
7.77,31
7.772,27
7.774,29
7.776,28
7.778,29
7.78,27
7.782,26
7.784,30
7.786,28
7.788,29
7.79,29
7.792,31
7.794,26
7.796,24
7.798,28
7.8,26
7.802,29
7.804,29
7.806,29
7.808,29
7.81,26
7.812,29
7.814,29
7.816,28
7.818,28
7.82,30
7.822,26
7.824,28
7.826,29
7.828,28
7.83,28
7.832,31
7.834,32
7.836,31
7.838,31
7.84,30
7.842,27
7.844,29
7.846,30
7.848,28
7.85,29
7.852,26
7.854,28
7.856,29
7.858,31
7.86,27
7.862,23
7.864,29
7.866,28
7.868,28
7.87,33
7.872,31
7.874,26
7.876,35
7.878,29
7.88,29
7.882,29
7.884,32
7.886,28
7.888,27
7.89,30
7.892,29
7.894,35
7.896,32
7.898,34
7.9,27
7.902,31
7.904,31
7.906,30
7.908,24
7.91,28
7.912,33
7.914,27
7.916,27
7.918,27
7.92,29
7.922,31
7.924,31
7.926,30
7.928,27
7.93,31
7.932,26
7.934,30
7.936,28
7.938,31
7.94,31
7.942,31
7.944,31
7.946,30
7.948,31
7.95,27
7.952,33
7.954,29
7.956,30
7.958,26
7.96,30
7.962,29
7.964,28
7.966,28
7.968,36
7.97,25
7.972,31
7.974,26
7.976,28
7.978,27
7.98,32
7.982,26
7.984,24
7.986,28
7.988,29
7.99,28
7.992,27
7.994,28
7.996,26
7.998,26
8.0,30
8.002,30
8.004,31
8.006,29
8.008,28
8.01,29
8.012,29
8.014,28
8.016,30
8.018,32
8.02,30
8.022,27
8.024,29
8.026,30
8.028,27
8.03,31
8.032,28
8.034,32
8.036,31
8.038,30
8.04,32
8.042,29
8.044,36
8.046,28
8.048,31
8.05,28
8.052,30
8.054,30
8.056,26
8.058,27
8.06,28
8.062,27
8.064,27
8.066,32
8.068,30
8.07,27
8.072,30
8.074,29
8.076,29
8.078,31
8.08,28
8.082,27
8.084,31
8.086,31
8.088,26
8.09,34
8.092,34
8.094,28
8.096,31
8.098,26
8.1,31
8.102,33
8.104,28
8.106,31
8.108,31
8.11,31
8.112,29
8.114,30
8.116,31
8.118,34
8.12,30
8.122,30
8.124,31
8.126,29
8.128,24
8.13,29
8.132,27
8.134,31
8.136,27
8.138,31
8.14,32
8.142,32
8.144,31
8.146,32
8.148,33
8.15,32
8.152,29
8.154,27
8.156,26
8.158,28
8.16,31
8.162,28
8.164,28
8.166,31
8.168,28
8.17,31
8.172,31
8.174,36
8.176,30
8.178,32
8.18,32
8.182,33
8.184,26
8.186,31
8.188,32
8.19,30
8.192,30
8.194,33
8.196,31
8.198,29
8.2,26
8.202,30
8.204,31
8.206,29
8.208,31
8.21,28
8.212,24
8.214,25
8.216,25
8.218,29
8.22,28
8.222,30
8.224,26
8.226,27
8.228,31
8.23,26
8.232,27
8.234,29
8.236,31
8.238,32
8.24,28
8.242,32
8.244,26
8.246,32
8.248,29
8.25,32
8.252,28
8.254,27
8.256,33
8.258,34
8.26,31
8.262,31
8.264,30
8.266,32
8.268,30
8.27,32
8.272,31
8.274,32
8.276,28
8.278,30
8.28,30
8.282,29
8.284,26
8.286,30
8.288,30
8.29,31
8.292,31
8.294,30
8.296,33
8.298,31
8.3,28
8.302,32
8.304,30
8.306,34
8.308,29
8.31,29
8.312,31
8.314,27
8.316,29
8.318,30
8.32,29
8.322,31
8.324,33
8.326,30
8.328,30
8.33,32
8.332,27
8.334,29
8.336,31
8.338,30
8.34,34
8.342,31
8.344,34
8.346,31
8.348,30
8.35,33
8.352,27
8.354,33
8.356,30
8.358,31
8.36,32
8.362,34
8.364,35
8.366,30
8.368,29
8.37,30
8.372,30
8.374,28
8.376,28
8.378,28
8.38,31
8.382,33
8.384,31
8.386,31
8.388,34
8.39,31
8.392,33
8.394,28
8.396,29
8.398,23
8.4,31
8.402,33
8.404,33
8.406,31
8.408,29
8.41,32
8.412,29
8.414,29
8.416,31
8.418,32
8.42,30
8.422,31
8.424,30
8.426,27
8.428,30
8.43,29
8.432,27
8.434,28
8.436,27
8.438,30
8.44,27
8.442,28
8.444,28
8.446,29
8.448,32
8.45,28
8.452,26
8.454,28
8.456,25
8.458,24
8.46,34
8.462,31
8.464,31
8.466,31
8.468,30
8.47,30
8.472,28
8.474,29
8.476,28
8.478,27
8.48,30
8.482,29
8.484,31
8.486,29
8.488,31
8.49,33
8.492,28
8.494,30
8.496,30
8.498,31
8.5,29
8.502,32
8.504,30
8.506,33
8.508,31
8.51,25
8.512,31
8.514,29
8.516,30
8.518,28
8.52,27
8.522,30
8.524,33
8.526,31
8.528,32
8.53,34
8.532,26
8.534,29
8.536,30
8.538,28
8.54,34
8.542,30
8.544,34
8.546,30
8.548,27
8.55,29
8.552,28
8.554,27
8.556,31
8.558,30
8.56,26
8.562,30
8.564,29
8.566,28
8.568,29
8.57,28
8.572,27
8.574,28
8.576,30
8.578,29
8.58,32
8.582,26
8.584,31
8.586,29
8.588,31
8.59,33
8.592,28
8.594,25
8.596,28
8.598,29
8.6,28
8.602,29
8.604,28
8.606,30
8.608,29
8.61,29
8.612,29
8.614,26
8.616,30
8.618,30
8.62,30
8.622,36
8.624,28
8.626,31
8.628,25
8.63,33
8.632,31
8.634,31
8.636,28
8.638,30
8.64,29
8.642,29
8.644,31
8.646,37
8.648,30
8.65,31
8.652,30
8.654,31
8.656,34
8.658,34
8.66,32
8.662,34
8.664,29
8.666,30
8.668,30
8.67,31
8.672,31
8.674,29
8.676,27
8.678,28
8.68,31
8.682,33
8.684,33
8.686,33
8.688,29
8.69,27
8.692,28
8.694,29
8.696,33
8.698,31
8.7,24
8.702,33
8.704,33
8.706,30
8.708,32
8.71,29
8.712,35
8.714,30
8.716,29
8.718,29
8.72,27
8.722,29
8.724,31
8.726,31
8.728,32
8.73,33
8.732,29
8.734,29
8.736,28
8.738,30
8.74,29
8.742,32
8.744,26
8.746,25
8.748,33
8.75,27
8.752,28
8.754,24
8.756,28
8.758,31
8.76,34
8.762,27
8.764,27
8.766,25
8.768,27
8.77,35
8.772,29
8.774,29
8.776,31
8.778,31
8.78,29
8.782,27
8.784,31
8.786,30
8.788,31
8.79,28
8.792,33
8.794,34
8.796,30
8.798,34
8.8,27
8.802,28
8.804,28
8.806,26
8.808,30
8.81,29
8.812,30
8.814,29
8.816,31
8.818,30
8.82,31
8.822,26
8.824,28
8.826,28
8.828,30
8.83,29
8.832,24
8.834,25
8.836,27
8.838,26
8.84,27
8.842,28
8.844,28
8.846,33
8.848,28
8.85,28
8.852,30
8.854,27
8.856,26
8.858,32
8.86,28
8.862,28
8.864,30
8.866,31
8.868,31
8.87,32
8.872,27
8.874,29
8.876,25
8.878,30
8.88,28
8.882,30
8.884,27
8.886,27
8.888,28
8.89,31
8.892,27
8.894,30
8.896,26
8.898,29
8.9,28
8.902,31
8.904,28
8.906,30
8.908,32
8.91,29
8.912,31
8.914,27
8.916,29
8.918,26
8.92,31
8.922,31
8.924,31
8.926,32
8.928,30
8.93,30
8.932,31
8.934,26
8.936,27
8.938,32
8.94,29
8.942,27
8.944,26
8.946,27
8.948,29
8.95,26
8.952,23
8.954,29
8.956,30
8.958,33
8.96,33
8.962,29
8.964,31
8.966,32
8.968,30
8.97,28
8.972,30
8.974,31
8.976,28
8.978,29
8.98,26
8.982,28
8.984,32
8.986,27
8.988,32
8.99,29
8.992,32
8.994,30
8.996,31
8.998,30
9.0,31
9.002,29
9.004,32
9.006,31
9.008,29
9.01,28
9.012,32
9.014,31
9.016,31
9.018,31
9.02,32
9.022,30
9.024,30
9.026,31
9.028,27
9.03,31
9.032,33
9.034,28
9.036,31
9.038,30
9.04,30
9.042,27
9.044,27
9.046,28
9.048,26
9.05,34
9.052,28
9.054,31
9.056,28
9.058,27
9.06,36
9.062,29
9.064,30
9.066,32
9.068,29
9.07,30
9.072,30
9.074,34
9.076,28
9.078,32
9.08,31
9.082,31
9.084,29
9.086,32
9.088,30
9.09,32
9.092,30
9.094,31
9.096,29
9.098,30
9.1,30
9.102,24
9.104,31
9.106,28
9.108,28
9.11,27
9.112,30
9.114,24
9.116,25
9.118,29
9.12,28
9.122,30
9.124,31
9.126,30
9.128,31
9.13,31
9.132,32
9.134,36
9.136,30
9.138,29
9.14,30
9.142,29
9.144,31
9.146,26
9.148,30
9.15,29
9.152,29
9.154,27
9.156,24
9.158,30
9.16,30
9.162,33
9.164,26
9.166,32
9.168,33
9.17,32
9.172,27
9.174,24
9.176,32
9.178,34
9.18,34
9.182,28
9.184,29
9.186,28
9.188,33
9.19,27
9.192,30
9.194,29
9.196,32
9.198,27
9.2,34
9.202,29
9.204,29
9.206,26
9.208,33
9.21,31
9.212,32
9.214,32
9.216,32
9.218,32
9.22,32
9.222,28
9.224,30
9.226,30
9.228,30
9.23,35
9.232,35
9.234,34
9.236,33
9.238,36
9.24,28
9.242,25
9.244,30
9.246,30
9.248,28
9.25,27
9.252,27
9.254,27
9.256,25
9.258,30
9.26,29
9.262,31
9.264,27
9.266,27
9.268,26
9.27,28
9.272,27
9.274,29
9.276,27
9.278,29
9.28,28
9.282,31
9.284,28
9.286,33
9.288,30
9.29,30
9.292,29
9.294,33
9.296,32
9.298,33
9.3,34
9.302,31
9.304,31
9.306,30
9.308,34
9.31,27
9.312,31
9.314,27
9.316,27
9.318,26
9.32,27
9.322,31
9.324,28
9.326,29
9.328,27
9.33,27
9.332,32
9.334,26
9.336,28
9.338,26
9.34,28
9.342,28
9.344,28
9.346,26
9.348,27
9.35,28
9.352,28
9.354,29
9.356,31
9.358,27
9.36,25
9.362,30
9.364,26
9.366,31
9.368,33
9.37,30
9.372,29
9.374,28
9.376,33
9.378,29
9.38,31
9.382,32
9.384,29
9.386,30
9.388,32
9.39,32
9.392,30
9.394,30
9.396,32
9.398,28
9.4,30
9.402,27
9.404,30
9.406,28
9.408,31
9.41,30
9.412,31
9.414,32
9.416,30
9.418,32
9.42,32
9.422,31
9.424,32
9.426,33
9.428,32
9.43,30
9.432,29
9.434,35
9.436,31
9.438,35
9.44,33
9.442,32
9.444,33
9.446,32
9.448,35
9.45,33
9.452,32
9.454,31
9.456,31
9.458,36
9.46,32
9.462,27
9.464,31
9.466,31
9.468,33
9.47,28
9.472,31
9.474,30
9.476,29
9.478,30
9.48,31
9.482,33
9.484,33
9.486,32
9.488,30
9.49,30
9.492,30
9.494,31
9.496,32
9.498,31
9.5,28
9.502,31
9.504,31
9.506,33
9.508,31
9.51,31
9.512,32
9.514,28
9.516,27
9.518,29
9.52,26
9.522,34
9.524,24
9.526,27
9.528,32
9.53,27
9.532,27
9.534,28
9.536,27
9.538,31
9.54,25
9.542,33
9.544,32
9.546,30
9.548,31
9.55,30
9.552,26
9.554,27
9.556,27
9.558,29
9.56,31
9.562,28
9.564,28
9.566,27
9.568,34
9.57,34
9.572,28
9.574,32
9.576,30
9.578,33
9.58,30
9.582,33
9.584,30
9.586,33
9.588,31
9.59,34
9.592,33
9.594,33
9.596,29
9.598,26
9.6,31
9.602,28
9.604,25
9.606,26
9.608,24
9.61,28
9.612,30
9.614,29
9.616,31
9.618,31
9.62,32
9.622,34
9.624,30
9.626,29
9.628,31
9.63,32
9.632,29
9.634,32
9.636,32
9.638,30
9.64,32
9.642,32
9.644,30
9.646,33
9.648,28
9.65,27
9.652,29
9.654,31
9.656,30
9.658,31
9.66,28
9.662,30
9.664,29
9.666,31
9.668,33
9.67,29
9.672,32
9.674,33
9.676,32
9.678,32
9.68,28
9.682,29
9.684,30
9.686,32
9.688,33
9.69,29
9.692,26
9.694,31
9.696,33
9.698,30
9.7,32
9.702,31
9.704,34
9.706,31
9.708,30
9.71,31
9.712,33
9.714,34
9.716,32
9.718,32
9.72,26
9.722,32
9.724,29
9.726,26
9.728,32
9.73,28
9.732,29
9.734,28
9.736,32
9.738,29
9.74,30
9.742,26
9.744,32
9.746,30
9.748,28
9.75,27
9.752,34
9.754,27
9.756,31
9.758,28
9.76,31
9.762,31
9.764,28
9.766,29
9.768,29
9.77,33
9.772,34
9.774,30
9.776,28
9.778,28
9.78,28
9.782,27
9.784,29
9.786,29
9.788,28
9.79,30
9.792,34
9.794,32
9.796,28
9.798,34
9.8,29
9.802,31
9.804,31
9.806,29
9.808,28
9.81,27
9.812,32
9.814,34
9.816,34
9.818,34
9.82,32
9.822,32
9.824,29
9.826,32
9.828,33
9.83,30
9.832,32
9.834,31
9.836,31
9.838,33
9.84,37
9.842,31
9.844,30
9.846,30
9.848,33
9.85,31
9.852,29
9.854,29
9.856,32
9.858,32
9.86,31
9.862,34
9.864,32
9.866,31
9.868,27
9.87,28
9.872,32
9.874,30
9.876,26
9.878,27
9.88,28
9.882,25
9.884,27
9.886,26
9.888,31
9.89,34
9.892,33
9.894,30
9.896,27
9.898,27
9.9,32
9.902,29
9.904,26
9.906,32
9.908,28
9.91,29
9.912,30
9.914,31
9.916,30
9.918,31
9.92,30
9.922,29
9.924,27
9.926,26
9.928,29
9.93,35
9.932,29
9.934,34
9.936,30
9.938,33
9.94,32
9.942,29
9.944,26
9.946,28
9.948,29
9.95,31
9.952,32
9.954,28
9.956,28
9.958,29
9.96,33
9.962,32
9.964,33
9.966,30
9.968,29
9.97,29
9.972,32
9.974,30
9.976,33
9.978,31
9.98,31
9.982,31
9.984,26
9.986,31
9.988,28
9.99,30
9.992,31
9.994,29
9.996,29
9.998,30
